,date,news,score
0,2023-01-01 01:32:30,"Title: 2023 Dividend Growth Portfolio Review And Look Ahead. Description: I review my current holdings and sectors in the portfolio and how it has changed over the years. See my income projections for 2023 and potential pitfalls.
",1
1,2023-01-03 09:02:42,"Title: Dividend Growth 50: Income In Year 8 Was Truly Great. Description: This real-money portfolio wrapped up its eighth year with its best income-growing showing ever. Check out this year's update on Dividend Growth 50 stocks.
",1
2,2023-01-03 19:02:25,"Title: EXCLUSIVE: Top 10 Searched Tickers On Benzinga Pro In December 2022: Where Do Tesla, Apple, AMC Rank?. Description: Each trading day features hundreds of headlines and press releases on Benzinga Pro, a source for traders to see the latest news on the overall market and individual tickers.
",0
3,2023-01-04 08:58:25,"Title: Wednesday’s Top Analyst Upgrades and Downgrades: Amazon, AMC, Apple, CVS, Etsy, Goldman Sachs, PayPal, Tesla, T-Mobile and More. Description: Wednesday's top analyst upgrades and downgrades included Amazon, AMC Entertainment, Apollo Global Management, Apple, Block, Capital One Financial, Carlyle, CVS Health, Etsy, Fox, Gilead Sciences, Goldman Sachs, GSK, PayPal, Tesla, T-Mobile, U.S. Bancorp and Wynn Resorts.
",0
4,2023-01-04 18:50:35,"Title: Apple (AAPL) Outpaces Stock Market Gains: What You Should Know. Description: In the latest trading session, Apple (AAPL) closed at $126.36, marking a +1.03% move from the previous day.
",1
5,2023-01-05 13:41:44,"Title: Berkshire Hathaway’s Profits in Snowflake Stock Have Melted Away. Description: Warren Buffett's Berkshire Hathaway once had a paper profit of $1.7 billion after buying shares of software firm Snowflake at its hot 2020 IPO. It's almost all gone now.
",-1
6,2023-01-06 05:53:29,"Title: Samsung Warns of Profit Drop Blaming Weak Demand. What This Means for Apple.. Description: The South Korean technology giant offered a grim preview of results for the fourth quarter.
",-1
7,2023-01-07 04:25:15,"Title: Tuya and Partners Shared Insights on the Matter Ecosystem and Its Application Scenarios at CES 2023. Description: NEW YORK
",1
8,2023-01-09 06:49:53,"Title: Five Things You Need to Know to Start Your Day. Description: We've detected unusual activity from your computer network
",0
9,2023-01-09 16:48:34,"Title: Amazon.com Inc. stock outperforms market on strong trading day. Description: Shares of Amazon.com Inc. rose 1.49% to $87.36 Monday, on what proved to be an all-around poor trading session for the stock market, with the S&P 500 Index...
",1
10,2023-01-10 09:44:16,"Title: Amazon, Salesforce Job Cuts Are Warning Signs for Stock Prices. Description: Tens of thousands of tech sector job cuts may not be enough to reverse the collapse in share prices, given the looming economic downturn could slash companies’ revenues far more than the cost savings they make via layoffs.
",-1
11,2023-01-11 00:11:30,"Title: iPhone SE 4 reportedly cancelled — so what is Apple's plan for cheap phones?. Description: Something's missing when it comes to inexpensive iPhones
",0
12,2023-01-11 12:47:29,"Title: Most Active Equity Options For Midday - Wed., Jan. 11. Description: Here are the most active equity options for midday.
",0
13,2023-01-12 06:48:33,"Title: Five Things You Need to Know to Start Your Day. Description: We've detected unusual activity from your computer network
",0
14,2023-01-12 17:12:13,"Title: HP Inc. stock falls Thursday, underperforms market. Description: Shares of HP Inc. dropped 0.97% to $28.55 Thursday, on what proved to be an all-around great trading session for the stock market, with the S&P 500 Index...
",-1
15,2023-01-13 13:38:22,"Title: MetLife Pet Insurance Has a New Top Dog: Snoopy. Description: As pet ownership levels in the United States continue to reach new heights, MetLife Pet Insurance announced today it will partner with one of the worl
",1
16,2023-01-15 09:12:46,"Title: Apple tipped to go with LG for its microLED display on future Apple Watch. Description: But is it just for the Ultra model?
",1
17,2023-01-17 07:28:11,"Title: How to use iPhone's Do Not Disturb mode. Description: How to customize and turn on your iPhone's Focus modes
",0
18,2023-01-17 14:21:42,"Title: New Sport Loop-style Spigen Apple Watch band spotted in four colors at $20 Prime shipped. Description: The latest Spigen Apple Watch band has now emerged with support for Apple’s flagship Ultra model and more.
",1
19,2023-01-18 06:47:41,"Title: One of Wall Street’s biggest bulls on 2022 says he’s learned his lesson and isn’t chasing stocks right now. Description: The JPMorgan team that was bullish on equities last year isn't in the mood to chase the rally.
",0
20,2023-01-18 14:13:30,"Title: Apple Could Boost Profits by Designing Its Own iPhone Parts, Analyst Says. Description: Evercore ISI analyst Amit Daryanani sees a potential profit boost of as much as 50 cents a share from Apple bringing the design of more iPhone components in-house.
",1
21,2023-01-19 06:26:31,"Title: Futures fall as weak data fuel recession worries, Fed comments on tap. Description: U.S. stock index futures fell on Thursday after weak economic data fueled recession worries, while investors await comments from more Federal Reserve officials for clues on the central bank's path of monetary tightening.
",-1
22,2023-01-19 17:06:57,"Title: This aluminum adjustable laptop stand makes your 2023 more ergonomic for $15 (50% off). Description: Perfect Office Products 2020 (100% positive feedback past 12 months) via Amazon is offering the LORYERGO Adjustable Laptop Stand for $14.99 once you clip the on-page coupon and use the code MR9YMNG8 at checkout. Shipping is free for Prime members or in orders over $25. Normally going for $30 at Amazon, today’s deal saves 50%…
",1
23,2023-01-20 10:57:14,"Title: This Startup Uses AI To Leave Apple's AirTag In The Dust. Description: Tile was once the top name in the Bluetooth tracker market. While there was some competition, Tile raised over $140 million from venture capital firms, making it by far the most well-funded option on the market. This allowed the company to quickly capture market share and become a household name in the Bluetooth tracker market. 
",1
24,2023-01-22 08:03:32,"Title: Apple Announces New Chips -- Should Semiconductor Companies Worry?. Description: These two semiconductor investors are back to discuss Apple's M2 Pro and M2 Max silicon solutions.
",1
25,2023-01-23 12:34:24,"Title: Rare deals on MUJJO Leather MagSafe iPhone 14 cases deliver up to 37% in savings from $34. Description: MUJJO has now launched a Winter Sale, delivering up to 25% off a range of its leather iPhone 14 cases and some even deeper deals over at Amazon. The brand released its collection of covers for Apple’s latest handsets shortly after they were unveiled and right before landing in our roundup of the best iPhone…
",1
26,2023-01-23 19:36:02,"Title: Kudlow: Biden and his advisers have engaged in a massive cover-up. Description: FOX Business host Larry Kudlow calls out President Biden's classified documents scandal on 'Kudlow.'
",-1
27,2023-01-24 10:49:23,"Title: Oscar nominations 2023 — full list and how to watch on Netflix, HBO Max and more. Description: The 2023 Oscar nominations list is led by Everything Everywhere All at Once, Avatar: Way of Water and Banshees of Inisherin
",0
28,2023-01-25 04:07:35,"Title: Where To Watch All 2023- Oscar Nominated Films. Description: Oscar nominations are out. Don't know where to begin? We've got you covered. Here are 15 Oscar contenders that you can watch right now.
",0
29,2023-01-25 17:07:47,"Title: HP Inc. stock outperforms market on strong trading day. Description: Shares of HP Inc. advanced 1.02% to $28.69 Wednesday, on what proved to be an all-around mixed trading session for the stock market, with the Dow Jones...
",1
30,2023-01-26 13:00:37,"Title: Top 5 4th Quarter Trades of STRS OHIO. Description: GuruFocus Article or News written by insider and the topic is about: 
",0
31,2023-01-27 09:41:37,"Title: Meta starting to see recovery path after Apple changes, WSJ reports. Description: Following the toughest ye... META, AAPL
",1
32,2023-01-28 10:28:59,"Title: Beating the S&P 500 Is Hard! Here Is How Our ETF Did It.. Description: 2022 proved to be a challenging year for investors across the world. The S&P 500 closed 18.51% down despite a relatively good fourth quarter.
",-1
33,2023-01-30 07:08:28,"Title: “It’s Happening Right Here,” Operation Underground Railroad Documentary Exposes Child Predators and Victims in Every U.S. Community. Description: Operation Underground Railroad (O.U.R.) is releasing “It’s Happening Right Here” on Tuesday, January 31, a shocking documentary that exposes the ways 
",0
34,2023-01-31 06:58:05,"Title: Epson Adds 4K Enhancement to Compact and Versatile 5,200 and 7,000 Lumen PowerLite L Series Laser Projectors. Description: Epson Adds 4K Enhancement to Compact and Versatile 5,200 and 7,000 Lumen PowerLite L Series Laser Projectors
",1
35,2023-01-31 17:11:23,"Title: S&P 500 rallies as GM shines on earnings stage to bolster consumer stocks. Description: By Yasin Ebrahim
",1
36,2023-02-01 09:33:45,"Title: Sean Penn’s Disaster-Aid Charity Ended Up a Money Mess. Description: 
",-1
37,2023-02-01 19:01:32,"Title: Top 5 4th Quarter Trades of NEW MEXICO EDUCATIONAL RETIREMENT BOARD. Description: GuruFocus Article or News written by insider and the topic is about: 
",0
38,2023-02-02 12:12:24,"Title: Pad & Quill's regularly $90 military-style leather Apple Watch band now $47, plus more 35% off. Description: Pad & Quill is offering another notable chance to score its handmade leather and fabric Apple Watch bands with a big-time discount. Matching the best deals we have tracked in several months, outside of the brief Black Friday/holiday offer at 40% off, Pad & Quill is now offering a solid 35% off all of its…
",1
39,2023-02-02 19:40:56,"Title: Here’s how — and where — Netflix has started cracking down on password sharing. Description: Netflix once tweeted 'Love is sharing a password,' which hasn't aged so well.
",-1
40,2023-02-03 07:16:25,"Title: 7 new shows and movies to watch this weekend on Netflix, Disney Plus and Peacock (Feb. 3-5). Description: The best shows and movies to watch this weekend include Black Panther: Wakanda Forever, Dear Edward and Spoiler Alert
",1
41,2023-02-03 16:36:19,"Title: Ryan Cohen Builds Nordstrom Stake With Eye on Board Changes. Description: Meme-stock investor Ryan Cohen has built a sizable stake in Nordstrom Inc. and aims to replace at least one of the department store chain’s directors, according to a person familiar with the matter.
",1
42,2023-02-05 20:48:30,"Title: Apple’s Latest iPhones Sell at Rare $100-Plus Discounts in China. Description: 
",0
43,2023-02-06 13:31:58,"Title: LEADING BOUTIQUE ENTERTAINMENT FIRM DANIEL HOFF AGENCY EXPANDS INTO THE HOLLYWOOD OF THE SOUTH WITH OPENING OF ATLANTA OFFICE. Description: LEADING BOUTIQUE ENTERTAINMENT FIRM DANIEL HOFF AGENCY EXPANDS INTO THE HOLLYWOOD OF THE SOUTH WITH OPENING OF ATLANTA OFFICE
",1
44,2023-02-07 06:07:25,"Title: 7 Red Flags for Apple's Future. Description: The tech giant's latest earnings report didn't impress investors.
",-1
45,2023-02-07 20:39:41,"Title: PayPal Holdings Inc. stock rises Tuesday, still underperforms market. Description: Shares of PayPal Holdings Inc. rallied 1.09% to $83.23 Tuesday, on what proved to be an all-around favorable trading session for the stock market, with the...
",1
46,2023-02-08 15:46:22,"Title: Apple Names First People Officer, Shifting Role From Retail Head. Description: 
",1
47,2023-02-09 12:22:14,"Title: Despite the Risks, Apple's Core Remains Unshaken. Description: GuruFocus Article or News written by Muslim Farooque and the topic is about: Apple continues to build a foundation of sustainable earnings growth for the years to come
",1
48,2023-02-10 09:32:29,"Title: Goldman’s Last Key Consumer-Banking Hire Exits Loss-Making Group. Description: 
",-1
49,2023-02-12 01:23:51,"Title: I test headphones for a living — and these are the most underrated earbuds. Description: No wireless earbuds have impressed me more than Sennheiser's CX Plus — here’s why
",0
50,2023-02-13 13:12:16,"Title: Pioneer Square Brands (PSB) Acquires VAULT, Leader in Developing Point-of-Sale Enclosures. Description: Pioneer Square Brands (PSB), parent company of Brenthaven, Gumdrop, and TechShell, today announced it has acquired VAULT, a leading manufacturer of mo
",1
51,2023-02-14 10:13:15,"Title: Why Apple, LVMH, and PepsiCo Are No-Brainer Buys Right Now. Description: These three blue-chip stocks are still great bear market buys.
",1
52,2023-02-15 03:03:35,"Title: Top 5 4th Quarter Trades of Advisors Asset Management, Inc.. Description: GuruFocus Article or News written by insider and the topic is about: 
",0
53,2023-02-15 17:42:38,"Title: A formidable new rival is set to hit Intel and AMD where it hertz. Description: Following AWS steps, Google is expected to launch new server CPUs within years
",-1
54,2023-02-16 11:44:55,"Title: T-Mobile announces launch of MLS Season Pass on Apple TV app. Description: T-Mobile (TMUS) said in a... TMUS, AAPL
",1
55,2023-02-17 07:04:30,"Title: 7 new shows and movies to watch this weekend on Netflix, Apple and Paramount Plus (Feb. 16-18). Description: The best shows and movies to watch this weekend include Star Trek: Picard, Perfect Match and Carnival Row
",1
56,2023-02-18 01:03:42,"Title: Top 5 4th Quarter Trades of COMPTON CAPITAL MANAGEMENT INC /RI. Description: GuruFocus Article or News written by insider and the topic is about: 
",0
57,2023-02-20 17:01:23,"Title: NOMURA HOLDINGS INC Buys 2, Sells 3 in 4th Quarter. Description: GuruFocus Article or News written by insider and the topic is about: 
",0
58,2023-02-21 16:31:30,"Title: El proyector inteligente de LG que bien podra ser el primo incomodo del Freestyle de Samsung. Description: La venganza de los nerds
",0
59,2023-02-22 14:42:37,"Title: Spruill's hot take: Incentivize Triangle startups – not Apple, Google and Amazon. Description: Raleigh entrepreneur Bill Spruill speaks during the Triangle Business Journal's Business Person of the Year event Feb. 22 at The Umstead Hotel & Spa in Cary.
",0
60,2023-02-23 12:40:53,"Title: Why Meta Is copying Twitter. Description: 
",0
61,2023-02-24 09:16:59,"Title: Apple analyst Kuo says low-end VR headset to launch in 2025. Description: Kuo said in a blog post on Friday that Apple plans to release ""low-end"" and ""high-end"" second-generation virtual reality/mixed reality headsets in 2025.
",1
62,2023-02-25 11:22:10,"Title: Buffett's Berkshire posts record annual operating profit. Description: Warren Buffett's Berkshire Hathaway Inc on Saturday reported its highest-ever annual operating profit, even as foreign currency losses and lower gains from investments caused fourth-quarter profit to fall.
",1
63,2023-02-27 09:16:41,"Title: Apple pays $12.1 mln fine for alleged app market abuse in Russia - Antimonopoly Service. Description: U.S. tech giant Apple has paid a 906 million rouble ($12.12 million) fine in a Russian antitrust case alleging abuse of its dominance in the mobile apps market, Russia's Federal Antimonopoly Service (FAS) said on its Telegram channel on Monday.
",-1
64,2023-02-28 07:32:58,"Title: Is WisdomTree U.S. LargeCap ETF (EPS) a Strong ETF Right Now?. Description: Smart Beta ETF report for EPS
",0
65,2023-02-28 20:12:38,"Title: Apple supplier Foxlink says working to resume production after India fire. Description: Taiwanese Apple Inc supplier Foxlink said on Wednesday it is working hard to resume production following a fire at a plant in southern India that halted operations at the maker of iPhone charging cables.
",1
66,2023-03-01 16:11:10,"Title: SciPlay Reports Record Results for the Fourth Quarter and Full Year 2022. Description: SciPlay Reports Fourth Quarter and FY 2022 Results
",1
67,2023-03-02 10:11:35,"Title: Pluto TV is adding a ton of free TV, including two huge channels. Description: Pluto gets a prize fighter and the Sailor Scouts
",1
68,2023-03-03 05:17:15,"Title: Warren Buffett's Latest $2.9 Billion Buy Brings His Total Investment in This Stock to $66 Billion in 4 Years. Description: This is, without a doubt, the Oracle of Omaha's favorite stock to buy -- and it's not Apple or Chevron.
",1
69,2023-03-03 18:25:44,"Title: Microsoft Corp. stock rises Friday, outperforms market. Description: Shares of Microsoft Corp. rose 1.66% to $255.29 Friday, on what proved to be an all-around positive trading session for the stock market, with the S&P 500...
",1
70,2023-03-06 01:31:35,"Title: Apple may launch mixed reality device this year — but we're not scared, HTC CEO says. Description: Apple will likely launch a mixed reality product ""very soon"" — potentially as soon as this year, HTC CEO and co-founder Cher Wang told CNBC.
",1
71,2023-03-06 15:32:40,"Title: Midday movers: Norfolk Southern, Apple, Tesla and more. Description: By Liz Moyer
",0
72,2023-03-07 09:05:24,"Title: Sonos officially launches Era 100 and Era 300 speakers – here are the details. Description: All-new multi-room speakers finally unveiled, confirming Bluetooth and USB-C line-in, plus Dolby Atmos Spatial Audio support for Era 300
",1
73,2023-03-08 05:40:29,"Title: S&P 500 Settles Sharply Lower Following Powell Remarks, Market Volatility Increases. Description: The S&P 500 settled lower on Tuesday as investors digested Federal Reserve Chairman Jerome Powell’s remarks. All three major stock indices dropped more than 1% at the close on Tuesday.
",-1
74,2023-03-08 20:03:47,"Title: Discover Financial Services stock falls Wednesday, underperforms market. Description: Shares of Discover Financial Services slumped 0.71% to $110.60 Wednesday, on what proved to be an all-around mixed trading session for the stock market, with...
",-1
75,2023-03-09 17:41:28,"Title: 3 Hot Stocks for Tomorrow: Thursday Predictions for AAPL, ULTA, AMZN. Description: Apple and Ulta Beauty are two of the stocks to watch from our hot stocks for tomorrow list, while the SXSW Festival contains a few more.
",1
76,2023-03-10 17:52:20,"Title: Pro Picks: Watch all of Friday's big stock calls on. Description: A recap of Friday's best stock picks on CNBC.
",0
77,2023-03-13 10:11:30,"Title: Cashback, reward apps helping Canadians save, but where is the data going?. Description: Many of the apps make money from contracts with retailers and brands wanting to trigger purchases, reward loyal customers and learn more about how specific demographics shop.
",0
78,2023-03-14 08:55:27,"Title: United States Gift Card and Incentive Card Market Report Q1 2023: Increased Adoption to Incentivize Employees Working Remotely - ResearchAndMarkets.com. Description: The 
",1
79,2023-03-15 05:05:36,"Title: NFT Fans Say2023 Is Looking Up After Rocky 2022 (Podcast). Description: 
",1
80,2023-03-15 19:01:07,"Title: Meta Platforms Inc. stock outperforms competitors on strong trading day. Description: Shares of Meta Platforms Inc. rose 1.92% to $197.75 Wednesday, on what proved to be an all-around mixed trading session for the stock market, with the NASDAQ...
",1
81,2023-03-16 13:29:09,"Title: 26 Companies that Donate to Nonprofits. Description: In this piece, we will take a look at the 26 companies that donate to nonprofits. For more companies, head on over to 5 Companies that Donate to Nonprofits. Corporate greed is always a popular topic in the press. And, firms are to blame for some extent as well. There are well known examples of […]
",0
82,2023-03-17 10:09:19,"Title: NYSE FANG+ index heads for best week in a year — led by AMD and Meta. Description: Big tech stocks are outperforming this week on the back of a sharp pullback in bond yields. 
",1
83,2023-03-19 13:42:20,"Title: Why Apple, Warner Bros. Discovery, and AMD Are No-Brainer Buys Right Now. Description: The stock prices of these companies have been climbing in 2023, but each remains nowhere near its full potential.
",1
84,2023-03-20 22:56:15,"Title: Peace of cake and a slice of heaven at Sandy Bake Shop in Balmain. Description: Forget the circus, simple is the
",0
85,2023-03-21 18:12:34,"Title: Best Buy Co. Inc. stock underperforms Tuesday when compared to competitors. Description: Shares of Best Buy Co. Inc. dropped 0.46% to $77.77 Tuesday, on what proved to be an all-around positive trading session for the stock market, with the S&P...
",-1
86,2023-03-22 16:53:34,"Title: Microsoft Corp. stock outperforms market despite losses on the day. Description: Shares of Microsoft Corp. slumped 0.54% to $272.29 Wednesday, on what proved to be an all-around grim trading session for the stock market, with the S&P 500...
",0
87,2023-03-23 12:18:31,"Title: Apple Considers Bidding for English Football Streaming Rights. Description: Apple Inc. is considering bidding for the streaming rights to a range of English football games, according to people familiar with the situation, a move that would step up its sports ambitions and increase competition with Amazon.com Inc.’s Prime Video.
",1
88,2023-03-24 07:03:22,"Title: 7 new shows and movies to watch this weekend on Netflix, HBO Max and Hulu (March 24-26). Description: The best shows and movies to watch this weekend include Succession, Yellowjackets and Great Expectations
",1
89,2023-03-25 11:01:19,"Title: How to choose your next headphones: earbuds, over-ear, noise-cancelling, more. Description: Your guide to finding the best headphones for you
",0
90,2023-03-27 11:43:28,"Title: Apple TV 4K gets promised Quick Media Switching feature to eliminate 'HDMI bonk'. Description: Boom! No blackout period when switching between video refresh rates
",1
91,2023-03-28 07:49:14,"Title: These are the 7 deals I’d actually buy in the Amazon Spring Sale. Description: These epic Amazon deals are worth the money
",1
92,2023-03-28 19:40:27,"Title: Market Highlights: Cum-Cum raid on major banks by French police, and 5 ASX small caps to watch on Wednesday. Description: 150 French investigators were involved in raids of major banks related to a probe on dividend arbitrage strategy known as Cum-Cum.
",0
93,2023-03-29 13:08:45,"Title: The Best Gas Grills for Excellent Outdoor Cooking. Description: From Weber to Napoleon, we've tested gas grills that cost a couple hundred bucks up to grills that cost more than a used car.
",0
94,2023-03-30 07:02:46,"Title: Amazon’s Historic Labor Loss Looks a Lot Different a Year Later. Description: 
",0
95,2023-03-30 17:52:35,"Title: Snap Inc. stock outperforms competitors on strong trading day. Description: Shares of Snap Inc. rose 1.21% to $10.91 Thursday, on what proved to be an all-around favorable trading session for the stock market, with the NASDAQ...
",1
96,2023-03-31 17:37:29,"Title: LG Gram 17 Pro (2023) review: Serious power, seriously light. Description: The LG Gram 17 Pro raises the bar for performance in a big-screen machine you can take anywhere
",1
97,2023-04-03 06:26:27,"Title: Nasdaq Records Best Quarter Since 2020, Market Volatility Declines Further. Description: US stocks closed higher on Friday, with the tech-heavy Nasdaq recording the best quarter since 2020. The S&P 500 gained around 7%, while the Nasdaq added 16.8% in the first quarter. For the month, the S&P 500 and Nasdaq jumped around 3.5% and 6.7%, respectively.
",1
98,2023-04-03 21:11:23,"Title: 9 Upcoming Dividend Increases In April 2023. Description: April is going to be a huge month of dividend increases.
",1
99,2023-04-04 17:39:52,"Title: Discover Financial Services stock outperforms competitors despite losses on the day. Description: Shares of Discover Financial Services shed 0.24% to $98.58 Tuesday, on what proved to be an all-around poor trading session for the stock market, with the...
",-1
100,2023-04-05 12:16:41,"Title: AOMedia Members Intel, Meta, Netflix and NETINT to Highlight the Latest on AV1 Commercial Readiness at NAB 2023. Description: The global leader in press release distribution and regulatory disclosure. Public relations and investor relations professionals rely on Business Wire for broad-based and targeted market reach.
",0
101,2023-04-06 06:35:23,"Title: 7 Dividend-Paying Large-Cap Stocks to Buy in April. Description: If you're looking for the best large-cap stocks for April, it also helps your portfolio to choose stocks that pay a reliable dividend.
",1
102,2023-04-07 05:18:25,"Title: Stock Split Watch: Is Costco Next?. Description: Trading near $500 per share, is Costco ready for a split?
",0
103,2023-04-10 00:21:15,"Title: iPhone 15 mini — why a compact iPhone isn't in Apple's plans. Description: We're unlikely to see an iPhone 15 mini this fall
",0
104,2023-04-10 16:37:43,"Title: Meta Platforms Inc. stock outperforms competitors despite losses on the day. Description: Shares of Meta Platforms Inc. dropped 0.62% to $214.75 Monday, on what proved to be an all-around mixed trading session for the stock market, with the Dow...
",-1
105,2023-04-11 09:17:30,"Title: New MacBook Air 15-inch looks more likely than ever - but you may have to wait. Description: So much to look forward to
",1
106,2023-04-12 07:25:48,"Title: Apple’s latest Magic Keyboard for 11-inch M2 iPad Pro hits best price of the year at $229. Description: Amazon today is now complementing all of the iPad discounts live this week with a price cut on Apple’s official Magic Keyboard for 11-inch M2 iPad Pro at $229 shipped. Available only in the Black styling, today’s offer is dropped from the usual $299 going rate in order to deliver the best discount of the…
",1
107,2023-04-13 00:06:00,"Title: Paris Is Proving Hard to Resist for Big Banks. Description: 
",1
108,2023-04-13 12:29:23,"Title: Stocks making the biggest moves midday: Apple, Tesla, Netflix, Bed Bath & Beyond & more. Description: These are the stocks posting the largest moves in midday trading. 
",0
109,2023-04-14 08:10:30,"Title: International Insider: Cannes Lineup Roars; Don't Forget Mip TV; Rebranding To The Max. Description: Good afternoon Insiders, Max Goldbart here penning the weekly mailer a day after Cannes revealed its long-awaited lineup. Read on for all the details and plenty more, and sign up to the Internation…
",1
110,2023-04-15 14:41:28,"Title: 2023 Percentage Returns Of 5 Largest Stocks - Saturday, April 15. Description: The total market capitalization of the 5 largest U.S. companies equals around $7.91 trillion. This compares to the $7.92 trillion reading of the previous week. Let's take a look at the numbers.
",0
111,2023-04-17 10:13:13,"Title: GoDaddy makes accepting mobile payments easier for anyone with an iPhone. Description: GoDaddy joins Wix in offering Tap to Pay on iPhone for US-based merchants
",1
112,2023-04-17 19:58:26,"Title: The 7 Top Stocks That Hedge Funds Are Buying Now. Description: While you shouldn’t blindly follow the crowd, these are the intriguing stocks that hedge funds are buying now.
",1
113,2023-04-18 12:18:33,"Title: Amazon Under Fire: Apple And Alphabet Warn Of Explicit Content In Kindle App. Description: Apple Inc (NASDAQ: AAPL) and Alphabet Inc (NASDAQ: GOOG)(NASDAQ: GOOGL) flagged Amazon.com Inc (NASDAQ: AMZN) for children being able to access sexually graphic photographs on the popular Kindle app. Reuters' questions to the companies about users' ability via the Kindle app sparked the warnings. The companies said their concerns were around policy violations. Two families told Reuters their pre-teen sons downloaded the explicit material via Amazon's Kindle Unlimited e-book subscription service
",-1
114,2023-04-19 07:40:25,"Title: Apple’s new 14-inch M2 Pro MacBook Pro hits $1,799 all-time low (Save $200). Description: Now halfway through the new work week, Amazon is offering some of the very first chances to save on Apple’s just-refreshed M2 Pro MacBook Pros. Returning to its best price ever for only the second time, things kick off with the entry-level 14-inch M2 Pro MacBook Pro at $1,799 shipped. Normally selling for $1,999, today’s…
",1
115,2023-04-19 17:41:27,"Title: David Rolfe's Wedgewood Partners 1st-Quarter Letter: 'Bailey Bros. Building and Loan Association'. Description: GuruFocus Article or News written by Sydnee Gatewood and the topic is about: Discussion of markets and holdings
",1
116,2023-04-20 11:09:35,"Title: NTT Research and NTT to Present 17 Papers at Eurocrypt 2023. Description: NTT Research's Cryptography & Information Security Lab and NTT's Social Informatics Lab members co-authored 17 papers for presentation at Eurocrypt.
",1
117,2023-04-21 09:07:30,"Title: Save up to $80 on Apple’s latest 10.2-inch iPad starting from $270 at Amazon. Description: After seeing the companion Apple Smart Keyboard go on sale earlier in the week, Amazon is now marking down the actual 10.2-inch iPad. Now starting at $269.99 shipped for the Wi-Fi 64GB configuration, today’s offer is down from the usual $329 going rate in two different styles in order to mark the second-best price of…
",1
118,2023-04-22 12:35:28,"Title: Both the 2022 and 2020 Apple Watch SE are on sale - but which is the better buy?. Description: Two excellent smartwatches at record-low prices today
",0
119,2023-04-24 11:11:19,"Title: Case-Mate’s FUEL 4-in-1 Station charges your whole kit and then some at $106 low (Reg. $150). Description: Amazon is now offering the Case-Mate FUEL 4-in-1 Wireless Charging Station for $106 shipped. Regularly $150 at Amazon and directly from Case-Mate, this is a 2022 release at the lowest price we can find. Today’s deal is roughly $17 under our previous mention and a new Amazon all-time low. While it takes on a more…
",1
120,2023-04-25 07:39:37,"Title: Is iShares Paris-Aligned Climate MSCI USA ETF (PABU) a Strong ETF Right Now?. Description: Smart Beta ETF report for PABU
",1
121,2023-04-25 21:26:30,"Title: MEET A SCIENTOLOGIST RUNS WILD WITH PROFESSIONAL ORIENTEER COLM O'HALLORAN. Description: MEET A SCIENTOLOGIST RUNS WILD WITH PROFESSIONAL ORIENTEER COLM O'HALLORAN
",0
122,2023-04-26 18:20:28,"Title: Amazon.com, Mastercard, drug company earnings: 3 things to watch. Description: Investing.com -- Stocks were mixed, as blue chips sank on Wednesday while the tech sector soared after positive earnings from Microsoft (NASDAQ:MSFT).
",1
123,2023-04-27 12:36:35,"Title: FinFit releases a new podcast episode on Women's Financial Stability.. Description: FinFit releases a new podcast episode on Women's Financial Stability.
",0
124,2023-04-28 09:24:29,"Title: Wall Street Says This Is Microsoft's Big Year. Description: 
",1
125,2023-04-29 07:04:25,"Title: The Fundamentals of Investing in Monopolies. Description: A monopoly might sound like a bad thing, but it can be really good for investors.
",1
126,2023-05-01 08:31:15,"Title: Apple Watch tipped to reinvent widgets with watchOS 10 — here's what we know. Description: It won’t be like Glances
",1
127,2023-05-01 19:20:14,"Title: If You Invested $100 In Tesla, AMD, Nvidia, Apple, Microsoft And Plug Power Stock 5 Years Ago, Here's How Much You'd Have Now. Description: Investors who placed their hard-earned cash into major US indices have enjoyed respectable returns over the past five years.
",1
128,2023-05-02 14:33:30,"Title: Q1 Earnings Season Scorecard and Featured Research on Apple, Microsoft & Meta Platforms. Description: Today's Research Daily features the Q1 earnings season scorecard and new research reports on Apple (AAPL), Microsoft (MSFT),  Meta Platforms. (META) and others.
",1
129,2023-05-03 09:34:31,"Title: Google now lets you log in without a password. Description: Passkeys let you login with biometrics alone to your Google account
",1
130,2023-05-04 00:08:23,"Title: Powell’s Narrative Revives Talk of a Pivot. Description: 
",0
131,2023-05-04 13:14:59,"Title: Apple earnings: What to expect from the iPhone maker. Description: Spending on consumer electronics has been shaky, but the industry lion is about to show how it has fared.
",0
132,2023-05-05 00:04:32,"Title: Why Your Portfolio Needs Investment Trusts. Description: 
",0
133,2023-05-05 11:25:42,"Title: Take a Bite of Apple With These ETFs Post Solid Q2 Earnings. Description: Apple reported solid second-quarter fiscal 2023 results by beating estimates on both earnings and revenues, powered by a surprise boost in iPhone sales.
",1
134,2023-05-06 03:44:27,"Title: Robert W. Baird Boosts Apple (NASDAQ:AAPL) Price Target to $180.00. Description: Apple (NASDAQ:AAPL – Get Rating) had its target price raised by Robert W. Baird from $170.00 to $180.00 in a research report sent to investors on Tuesday morning, The Fly reports. Several other brokerages have also recently commented on AAPL. The Goldman Sachs Group initiated coverage on Apple in a research report on Sunday, March […]
",1
135,2023-05-08 05:12:26,"Title: 1 FAANG Stock to Buy Hand Over Fist in May and 1 to Avoid Like the Plague. Description: Among Meta Platforms (formerly Facebook), Apple, Amazon, Netflix, and Alphabet (formerly Google), there's one historically inexpensive stock firing on all cylinders and an industry leader facing mounting headwinds.
",1
136,2023-05-08 18:58:11,"Title: Apple Inc. stock falls Monday, underperforms market. Description: Shares of Apple Inc. sank 0.04% to $173.50 Monday, on what proved to be an all-around mixed trading session for the stock market, with the NASDAQ Composite...
",-1
137,2023-05-09 11:40:25,"Title: Apple wants you to produce an 8K blockbuster with its $50 video app. Description: Final Cut Pro and Logic Pro come to iPad - but what’s the catch with Apple's ""ultimate mobile studio""?
",1
138,2023-05-10 10:27:14,"Title: Turkey’s Most Pivotal Election in a Generation. Description: 
",0
139,2023-05-11 04:19:06,"Title: The $105,000 Lotus Emira Looks Like a Supercar—for Half the Price. Description: 
",0
140,2023-05-11 22:32:16,"Title: ‘My world is getting smaller’: Michael J. Fox isn’t sugarcoating anything now. Description: An unconditional love for the Back to the Future star has endured over decades. A new documentary examines his life and stellar career.
",1
141,2023-05-12 18:34:49,"Title: Stock market today: Dow in second weekly loss as consumer sentiment nosedives. Description: Investing.com -- The Dow suffered a second-weekly loss after closing just below the flatline Friday, as regional banks continued to feel the heat and tech lost steam at a time when consumer sentiment fell to its lowest in six months amid growing worries about the economy.
",-1
142,2023-05-15 08:09:24,"Title: How To Use The One Feature On Your iPhone That Could Save Your Life. Description:  
",1
143,2023-05-16 05:04:25,"Title: Transcript ‘In Trust’Episode 10: The ‘Oklahoma!’ Haze. Description: 
",0
144,2023-05-16 14:33:35,"Title: Rock Yarns: Alma expands Briggs copper-molybdenum mineralisation a third time in as many months. Description: Alma Metals is a mineral explorer with a primary interest in copper and copper-gold projects in Australia.
",1
145,2023-05-17 11:06:28,"Title: Looking At Apple's Recent Unusual Options Activity. Description:  
",0
146,2023-05-18 07:41:30,"Title: Bitwarden now lets you create passkeys for your business apps. Description: Bitwarden and passwordless.dev merger comes to fruition
",1
147,2023-05-19 00:02:47,"Title: Inflation Will Fall, Just Not the Way You Think. Description: 
",0
148,2023-05-19 13:02:55,"Title: China-Taiwan tensions could grip 2024 election as top business leaders sound alarms. Description: Elon Musk, Warren Buffett, Ray Dalio and others have weighed in on the fraying U.S.-China relations and rising tensions over a possible invasion of Taiwan.
",-1
149,2023-05-21 18:54:18,"Title: Kirsten Dunst Soars in Stiletto Sandals with Husband Jesse Plemons at Cannes Film Festival 2023. Description: The actress brought romance to the red carpet with husband Jesse Plemons.
",0
150,2023-05-22 18:33:27,"Title: ESR’s 3-in-1 7.5W MagSafe stand and travel station fall to new Amazon lows at $56 each. Description: ESR’s official Amazon storefront is offering its ESR 3-in-1 7.5W MagSafe/HaloLock Folding Travel Charging Station for $55.99 shipped once you clip the on-page coupon and use the code II6AA3JC at checkout. Down from a normal rate of $90, and having just fell to $80 at Amazon, today’s deal marks a new all-time low with at…
",1
151,2023-05-23 13:25:30,"Title: Netflix's Skull Island Series Gets Release Date And Monster Teaser Trailer. Description: Kong is headed to Netflix in a brand-new animated series and we have a brand-new trailer.
",1
152,2023-05-24 10:34:57,"Title: On the Debt Ceiling, the White House Is Doing What It Said It Wouldn't Do. Description: 
",0
153,2023-05-25 10:34:29,"Title: Belkin Introduces the Ultimate Power Bank – the BoostCharge™ Fast Wireless Charger for Apple Watch + Power Bank 10K. Description: Belkin, a leading consumer electronics brand for 40 years, today announces a first-of-its-kind power bank providing fast charge capabilities for newer
",1
154,2023-05-26 08:02:15,"Title: OnePlus Co-Founder Takes Aim at iPhone's Throne: Unveils Nothing Phone (2) Launch Timeline and Battery Details. Description:  
",1
155,2023-05-27 11:33:14,"Title: Best of 9to5Toys: Best Buy Memorial Day Sale, AirPods Pro 2 $200, more. Description: In this week’s Best of 9to5Toys: Best Buy’s annual Memorial Day sale goes live, AirPods Pro 2 with improved ANC lands at $200, Google Nest Thermostat $100, and much more… With Memorial Day happening on Monday, we’ve been seeing sales from various brands go live all throughout the week. However, it all culminated with the launch…
",1
156,2023-05-30 00:07:26,"Title: Saudi Aramco's $2 Trillion Valuation Is an Illusion. Description: 
",-1
157,2023-05-30 16:08:17,"Title: Technically speaking, a new bull market started last October. Buy on weakness.. Description: 3 gurus of technical analysis say U.S. recession will be mild and the stock market is set to rally higher.
",1
158,2023-05-31 11:23:27,"Title: Impact Podcast with John Shegerian Features Shannon Thomas Carroll of AT&T. Description: Shannon Thomas Carroll, AVP of Global Environmental Responsibility at AT&T, is a featured guest this week on the Impact Podcast with John Shegeria
",0
159,2023-06-01 08:23:22,"Title: Rare $229 discount hits Apple’s M1 MacBook Air with 16GB RAM and 512GB SSD at $1,170. Description: If a baseline MacBook is never going to cut it for your workflow, today you’re in luck with a notable price cut on an upgraded configuration. Woot is now offering Apple’s previous-generation M1 MacBook Air outfitted with 16GB of RAM and 512GB of SSD storage for $1,169.99. Shipping is free for Prime members, with a…
",1
160,2023-06-01 22:01:29,"Title: The best TV shows to stream in June. Description: Our guide to the best of what’s on the streamers and free-to-air television.
",0
161,2023-06-02 12:35:22,"Title: Welcome to the augmented future. Watch it bring you to your knees. Description: Tech pioneer warns that despite the benefits of an augmented future, adding generative AI makes the potential for abuse inescapable.
",-1
162,2023-06-04 11:28:46,"Title: Your Sunday US Briefing:Shangri-la Handshake, Big Rate Decisions. Description: Something for your week.
",0
163,2023-06-05 09:20:30,"Title: Monday’s Top Analyst Upgrades and Downgrades: Apple, Dell, Dollar General, Macy’s, SentinelOne, Warner Music, Xcel Energy and More. Description: Monday's top analyst upgrades and downgrades included Apple, Automatic Data Processing, Bowlero, Dell Technologies, Dollar General, Macy’s, MongoDB, Paychex, SentinelOne, Trade Desk, Valvoline, Warner Music and Xcel Energy.
",1
164,2023-06-05 14:20:51,"Title: iPadOS 17 brings new levels of personalization and versatility to iPad. Description: Apple® today previewed iPadOS® 17, delivering entirely new ways for users to personalize the Lock Screen and interact with widgets. Working with PDFs 
",1
165,2023-06-05 18:07:32,"Title: Stock futures are down slightly on Monday evening after rally takes a breather: Live updates. Description: Investors are coming off a losing day.
",-1
166,2023-06-06 05:49:52,"Title: These Stocks Are Moving the Most Today: Gitlab, Unity Software, Apple, Sprinklr, and More.. Description: Barron's live coverage of financial markets, from stocks and bonds to oil and crypto.
",1
167,2023-06-06 10:33:33,"Title: The iPhone XR Is Next on the Chopping Block. Description: The oddly-named 2018 release will get iOS 17, but likely nothing beyond.  
",-1
168,2023-06-06 17:28:27,"Title: Streetbeat lanza SmartPilot: gestin de carteras con tecnologa ChatGPT. Description: Streetbeat, conocida por sus estrategias de inversión patentadas generadas por IA, se enorgullece de anunciar el lanzamiento de SmartPilot, un servici
",1
169,2023-06-07 10:21:38,"Title: Save 20% on Nomad's popular in-house AirPods Pro 2 and AirPods 3 cases from $20 lows. Description: Nomad today is now offering some of the first chances to save on its latest lineup of AirPods cases. Across both of Apple’s more recent debuts into the true wireless listening market, Nomad is marking down some of our favorite AirPods accessories on the market. A highlight has the new Modern Leather AirPods Pro 2…
",1
170,2023-06-08 04:58:26,"Title: Apple Music is getting 6 new features in a free update – here's what's coming. Description: New Apple Music features to sing about
",1
171,2023-06-08 16:30:20,"Title: Trump’s Legal Woes, McCarthy’s Revolt Make for Tough Times in GOP. Description: 
",0
172,2023-06-09 11:15:24,"Title: Lordstown Motors to Sue Foxconn Over Stalled $47 Million Investment. Description: 
",-1
173,2023-06-11 06:35:25,"Title: Better Buy: Apple vs. Meta Platforms. Description: Which FAANG stock is the better buy right now?
",0
174,2023-06-12 15:07:31,"Title: Lionel Messi Impact: Inter Miami Dominating Social Media, Jersey Sales, Tickets And More. Description: One of the biggest sports announcements of 2023 happened recently with news that soccer superstar Lionel Messi is set to join Major League Soccer (MLS) team Inter Miami for the upcoming season. Before he plays a single game, Messi is already having a huge impact on Inter Miami and MLS.
",1
175,2023-06-13 09:08:40,"Title: Big Tech Forcing RTO with HUGE Jump toward Structured Hybrid Work Weeks; Scoop's Flex Index Shows Flex Fridays are Safe, with Mondays Close Behind…. Description: Today, Scoop, the company enabling employees to plan great in-office days effortlessly, releases The Flex Index Tech Industry Deep Dive Report. Citing data from the Flex Index* – the world's most robust source on company in-office requirements – the Tech Industry Deep Dive shows a huge variance versus the 4,000+ companies that make up the Flex Index. A recent Q2 report found Structured Hybrid had secured its spot as most popular workplace model, with only 28% electing remote-first. In contrast,
",1
176,2023-06-14 06:20:16,"Title: Apple's next iPhone update will fix 3 annoying issues ahead of iOS 17 release. Description: iOS 16.5.1 is on its way to squash these pesky bugs
",1
177,2023-06-15 00:08:31,"Title: Apple Vision Pro — I asked 3 analysts who tried it if this headset will fly or flop. Description: Will Apple's biggest gamble in a decade pay off?
",1
178,2023-06-15 16:39:13,"Title: Supreme Court Leaves Politically Fraught Cases for Last. Description: 
",0
179,2023-06-16 17:20:07,"Title: Mariners vs. White Sox Predictions & Picks: Odds, Moneyline, Spread - June 16. Description: Predictions for the Seattle Mariners vs. Chicago White Sox game with probable pitchers, odds and picks on the moneyline, over/under and spread.
",0
180,2023-06-19 09:11:32,"Title: Is the Bear Market Over? Big Tech Already Told You the Answer. Description: Big tech stocks are surging. Here's what that means for the rest of the market.
",1
181,2023-06-20 11:30:31,"Title: Galileo Launches the First-Ever Large Language Model (LLM) Diagnostics and Explainability Platform to Reduce Model Hallucinations. Description: Today, Galileo, the first-ever machine-learning (ML) data intelligence company for LLMs and Computer Vision, announced a suite of new tools called Gal
",0
182,2023-06-21 09:10:32,"Title: Newzip Partners with Apple Federal Credit Union to Elevate the Mortgage Experience. Description: Newzip Partners with Apple Federal Credit Union to Elevate the Mortgage Experience
",1
183,2023-06-22 06:17:40,"Title: Head-To-Head Analysis: Japan Hotel REIT Investment (OTCMKTS:NIPOF) versus Apple Hospitality REIT (NYSE:APLE). Description: Japan Hotel REIT Investment (OTCMKTS:NIPOF – Get Rating) and Apple Hospitality REIT (NYSE:APLE – Get Rating) are both real estate companies, but which is the superior stock? We will contrast the two businesses based on the strength of their analyst recommendations, earnings, valuation, risk, institutional ownership, profitability and dividends. Earnings and Valuation This table compares […]
",0
184,2023-06-22 20:49:53,"Title: Steve Cohen-Backed 24 Exchange Shuts Down Spot Crypto Product Citing Weak Demand. Description: 
",-1
185,2023-06-23 15:18:20,"Title: LG OFFERS CUSTOMERS TWO MONTHS FREE OF MLS SEASON PASS ON THE APPLE TV APP. Description: LG OFFERS CUSTOMERS TWO MONTHS FREE OF MLS SEASON PASS ON THE APPLE TV APP
",1
186,2023-06-26 05:58:19,"Title: Why Wall Street Thinks the Joyride for Apple, Amazon, and Google Stocks Could Nearly Be Over. Description: A pause in the fun could be around the corner. But it should only be a temporary one.
",0
187,2023-06-26 20:16:24,"Title: Big Tech fund manager reveals how to trade expensive valuations — and the stocks to buy. Description: Plurimi Wealth's Patrick Armstrong also revealed how he expects Big Tech stocks to trade in the next half of the year should a recession occur.
",1
188,2023-06-27 15:22:19,"Title: Apple Could Hit a New High Today. Why It’s Still Risky.. Description: Apple stock was on pace to hit its fifth all-time high in 2023.
",1
189,2023-06-28 15:26:28,"Title: In One Chart: Apple’s march toward a $3 trillion valuation, shown in one chart. Description: Apple Inc. Chief Executive Tm Cook is getting ever closer to leading a $3 trillion empire.
",1
190,2023-06-29 11:05:51,"Title: Apple aims to fend off EU antitrust charges in Spotify probe. Description: Apple (AAPL) is set for a face-off with EU antitrust regulators, noting that it does not need to make any additional changes to its App Store. Read more here
",-1
191,2023-06-30 08:23:30,"Title: Apple's market cap passes $3 trillion in early trading. Description: Apple's market cap topped $3 trillion during premarket trading on Friday, passing the $190.73 share price required to hit the milestone.
",1
192,2023-06-30 16:51:41,"Title: Goldman Sachs in talks with Amex to offload Apple card partnership - report (NYSE:GS). Description: Goldman Sachs (GS) has been scaling back its consumer finance aspirations after its plunge into the sector ratcheted up costs and didn't pay out as it had hoped
",-1
193,2023-07-02 18:46:21,"Title: Asian Shares Set to Rise on the Back of US Rally: Markets Wrap. Description: 
",1
194,2023-07-03 15:30:52,"Title: Tech Advances on Strong EV Demand - Tech Roundup. Description: Shares of technology companies rose after strong sales tallies for two major electric-car makers. Tesla shares rallied after billionaire Elon Musk's...
",1
195,2023-07-05 07:04:31,"Title: The US May Pay a Price for Escalating itsChip War on China. Description: 
",0
196,2023-07-06 02:01:23,"Title: Welcome to the new TechRadar. Description: This update is so big, it's a relaunch.
",1
197,2023-07-07 05:03:06,"Title: Apple Plans a Slow, Appointment-Only Rollout of Its $3,500 Vision Pro. Description: 
",0
198,2023-07-07 20:46:46,"Title: Alex Winter’s ‘The YouTube Effect’ Pairs With Short Film On Court Watching Movement For Cinematic Double Header. Description: EXCLUSIVE: Moviegoers who catch Alex Winter’s new documentary The YouTube Effect can expect a cinematic bonus: We can reveal the film is preceded by a short documentary for the National Courtwatch …
",0
199,2023-07-10 09:26:16,"Title: Storage news ticker – July 10. Description: A roundup of the week's smaller storage news items from the likes of Apple, CrashPlan, DataCore, Hornet Security, and more.
",0
200,2023-07-11 05:02:53,"Title: Sam Bankman-Fried and the Crypto Grift. Description: 
",0
201,2023-07-11 14:34:19,"Title: Efforce (WOZX)  Trading 10% Lower  This Week. Description: Efforce (WOZX) traded down 0.7% against the U.S. dollar during the 24-hour period ending at 14:00 PM E.T. on July 11th. One Efforce token can now be bought for about $0.0187 or 0.00000061 BTC on major cryptocurrency exchanges. In the last week, Efforce has traded 10% lower against the U.S. dollar. Efforce has a total […]
",-1
202,2023-07-12 13:02:21,"Title: Impact Podcast with John Shegerian Features Jennifer Patrick of Patagonia. Description: Jennifer Patrick, who serves as Director of Global Packaging and Branding for Patagonia, is a featured guest this week on the Impact Podcast with John
",0
203,2023-07-13 09:47:26,"Title: If You Invested $1,000 in Meta Platforms in 2022, This Is How Much You Would Have Today. Description: The social networking giant has mounted a huge comeback in less than a year.
",1
204,2023-07-14 07:57:11,"Title: Data Centers Industry Assessment and Forecast, 2028: Adoption of AI-based Infrastructure Driving Liquid Immersion and DTC Cooling - ResearchAndMarkets.com. Description: The 
",1
205,2023-07-16 08:28:15,"Title: Your Sunday UKBriefing: Inflation Reading and a Talking-To for Grocers. Description: 
",0
206,2023-07-17 14:14:33,"Title: The Ratings Game: Apple has a juicy $40 billion opportunity ahead of it. Description: Apple's stock boasts a compelling catalyst as the company doubles down on the huge India market.
",1
207,2023-07-18 11:35:43,"Title: Revolutionizing AI Infrastructure. Description: Can Nvidia surpass ChatGPT? The company is developing a new supercomputer that promises to take artificial intelligence to the next level.
",1
208,2023-07-19 11:24:50,"Title: 4 Stocks to Watch as Back-to-School Shopping Promises Growth. Description: The back-to-school sales are expected to grow 12.5% this year, helping stocks like Apple, Inc. (AAPL), HP Inc. (HPQ), PC Connection, Inc. (CNXN) and Casey's General Stores, Inc. (CASY).
",1
209,2023-07-20 07:33:53,"Title: Nokia Q2 Highlights; 3% Topline Decline, Apple Partnership And Strong Enterprise Performance. Description: Nokia Corp (NYSE: NOK) reported a second-quarter FY23 net sales decline of 3% year-on-year (0% in constant currency) to €5.71 billion ($6.22 billion), missing the consensus of $6.38 billion.
",0
210,2023-07-20 15:12:22,"Title: First Horizon Launches New Podcast Featuring Clients Who Have Brought Their Bucket Lists to Life Tune In to Hear from Bob Emmer, Coach Heupel, Slim & Husky's, and More. Description: First Horizon Launches New Podcast Featuring Clients Who Have Brought Their Bucket Lists to Life Tune In to Hear from Bob Emmer, Coach Heupel, Slim & Husky's, and More
",0
211,2023-07-21 13:48:01,"Title: How to Watch the Padres vs. Tigers Game: Streaming & TV Channel Info for July 21. Description: Get live streaming info, TV channel, game time, and head-to-head stats for the San Diego Padres vs. Detroit Tigers game on Friday, July 21, 2023.
",0
212,2023-07-24 00:22:20,"Title: Netflix Isn't Developing Native App For Apple Vision Pro, But It Might Do This. Description: Netflix has reportedly decided not to develop a native app for Apple's Vision Pro mixed-reality headset, but users can still access the content through existing iPad app.
",0
213,2023-07-24 15:41:25,"Title: Microsoft, Apple, And Coinbase Among 7 Long-Term Stock Investment Favorites Of Benzinga Users. Description: Benzinga values the engagement and interaction from our users. Such exchanges cultivate a sense of community, trust, and offer a dialogue that’s unique to our corner of the finance industry.
",1
214,2023-07-25 12:48:23,"Title: Goldman sees increased risk of a drawdown in tech stocks and tells clients to use this hedge. Description: Betting against this tech ETF can help investors shore up their portfolios, according to Goldman Sachs. 
",-1
215,2023-07-26 12:03:30,"Title: Will Cloudflare Go Back Into Rally Mode After Q2 Earnings Report?. Description: The recent rally in erstwhile tech leader Cloudflare Inc. (NYSE: NET) is a good reminder of why it's important to stay up to speed on sector rotation, as it can have a big impact on your overall return. 
",1
216,2023-07-27 10:15:57,"Title: Strong Economic Data Dow Winning Steak Similar To Famous Pre-Crash Streaks Of The Past. Description: To gain an edge, this is what you need to know today. 
",1
217,2023-07-28 08:42:39,"Title: Bizarre: Indian Couple Sells Infant To Get iPhone And Instagram Stardom. Description: This story was first published on the Benzinga India portal.
",-1
218,2023-07-29 10:04:25,"Title: 14 gadgets that perfectly trace our relationship – and obsession – with tech. Description: A walk through Samsung’s Innovation Museum is a trip down memory lane
",0
219,2023-07-31 07:46:17,"Title: Apple Watch SE 3 may not launch this year — here's why. Description: It looks like we have to wait until 2024
",-1
220,2023-07-31 21:16:21,"Title: Judi Dench Says She Can't See On Film Sets Anymore: ""It’s Difficult For Me If I Have Any Length Of A Part"". Description: Judi Dench is opening up about the eye condition that is making it more difficult for her on the set and read her scripts. “I mean I can’t see on a film set anymore,” Dench told The Daily Mir…
",0
221,2023-08-01 16:32:23,"Title: Love Silo on Apple TV Plus and want to read the books? Here's 3 (spoiler-free) things you'll want to know!. Description: The books and the show are different in a good way
",0
222,2023-08-02 12:15:42,"Title: Claranova: FY 2022-2023 Revenue. Description: Regulatory News: Claranova (Paris:CLA): “Claranova’s revenue reached an all-time high in FY 2022-2023, surpassing the €500m milestone for the first ti
",1
223,2023-08-03 04:38:22,"Title: These Stocks Are Moving the Most Today: Qualcomm, PayPal, Robinhood, Occidental, EVgo, and More. Description: Qualcomm issues a revenue forecast below analysts' expectations, PayPal's results disappoint, and trading activity at Robinhood falls. Apple and Amazon are scheduled to report earnings after the closing bell Thursday.
",-1
224,2023-08-03 12:51:31,"Title: Asus Zenbook 14X OLED review. Description: A stunning screen makes this laptop a real contender
",1
225,2023-08-04 01:41:19,"Title: Apple stock price on watch following quarterly results. Description: The Apple Inc (NASDAQ:AAPL) stock price will be one to watch on Wall Street tonight. That's because the tech giant has just released its update.
",0
226,2023-08-04 10:21:52,"Title: Apple Defies Industry Slowdown, Hits A New Record In Global Smartphone Profits With An 85% Share. Description: Apple increased its share of profits to 85% in the June 2023 quarter in the global smartphone industry, up from 81% last year.
",1
227,2023-08-04 17:56:44,"Title: Tech Down as Apple Weighs -- Tech Roundup. Description: Shares of technology companies fell as a disappointing earnings report from Apple offset a strong update from Amazon.com. Amazon soared after the online...
",-1
228,2023-08-06 18:38:28,"Title: Asian Equities Set to Fall After US Rally Reverses: Markets Wrap. Description: Asian shares were poised to decline Monday after a mixed US jobs report and a reversal of gains on Wall Street that saw the S&P 500 lose a near 1% gain.
",-1
229,2023-08-07 13:29:31,"Title: Save up to 40% on smart Govee air purifiers today from $80, or with Siri support for $120. Description: The official Govee Amazon storefront is now offering its H7123 Life Smart Air Purifier for $79.99 shipped after you clip the on-page coupon. Regularly $130, you’re looking at $50 or nearly 40% in savings for the lowest we can find. Today’s offer comes in at $23 under the previous deal price and one of the…
",1
230,2023-08-08 14:11:41,"Title: Apple At Critical Junction For Entire Stock Market, Moody's Downgrades Banks Chinese Exports Fall, Raise Hedges. Description: To gain an edge, this is what you need to know today. 
",-1
231,2023-08-09 17:36:54,"Title: 3 Not-So-Obvious Stocks to Benefit From Biden’s Broadband Plan. Description: There are some obvious stocks to benefit from broadband plan created by the Biden administration. These three aren’t so obvious.  
",1
232,2023-08-10 21:40:13,"Title: MetLife Investment Management, LLC Acquires New Stake in Blackstone Strategic Credit Fund. Description: GuruFocus Article or News written by GuruFocus Research and the topic is about: 
",1
233,2023-08-14 04:30:27,"Title: Apple's iPhone 15 Pro Models Could Still Get 8GB RAM With A Performance Bump, But There's A Catch. Description: A new leak suggests that the iPhone 15 Pro models could get the highly anticipated 8GB RAM upgrade with a performance bump.
",1
234,2023-08-15 13:24:43,"Title: Is Now An Opportune Moment To Examine Apple Inc. (NASDAQ:AAPL)?. Description: Today we're going to take a look at the well-established Apple Inc. ( NASDAQ:AAPL ). The company's stock received a lot...
",1
235,2023-08-17 08:17:37,"Title: Global smartphone market to hit decade low in 2023 but Apple could take top spot, research shows. Description: Counterpoint Research said it expects smartphone shipments in 2023 to decline 6% year-on year to 1.15 billion devices, the worst in a decade.
",1
236,2023-08-18 20:12:29,"Title: JANUS HENDERSON GROUP PLC Acquires New Stake in Benitec Biopharma Inc. Description: GuruFocus Article or News written by GuruFocus Research and the topic is about: 
",1
237,2023-08-22 07:44:02,"Title: Arm files for IPO, Microsoft alters Activision deal - what's moving markets. Description: Investing.com -- Chip designer Arm announces plans for a much-anticipated initial public offering, although the Softbank-owned group stops short of specifying its valuation. Elsewhere, tech stocks remain resilient in the face of surging bond yields as excitement for Nvidia's latest quarterly earnings report grows, while Microsoft restructures its mega-merger with Activision Blizzard to appease U.K. regulators.
",1
238,2023-08-23 19:36:28,"Title: NVIDIA Posts Giant Q2 Beats, Guides Way Higher. Description: NVIDIA took quarterly expectations and completely blew them out of the water.
",1
239,2023-08-25 09:43:24,"Title: WeWork's Journey From $47B Valuation To Possible Bankruptcy, Mastercard and Visa Reassess Ties with Binance Card, Hawaiian Electric Accused Of Jeopardizing Investigation Of Maui Wildfires: Today's Top Stories. Description: Wall Street Journal
",-1
240,2023-08-28 13:54:08,"Title: The ‘Millionaire Playbook’ for Easy Profits in the AI Boom. Description: What are the best AI stocks to buy today? The answer may be rooted in a historical analysis of previous technological paradigm shifts.
",1
241,2023-08-30 09:37:56,"Title: Humm The Song To Search on YouTube - Alphabet Rolls Out Hum-to-Search Feature. Description: Last week, Alphabet Inc (NASDAQ: GOOG) (NASDAQ: GOOGL) Google shared plans to trial a brand-new feature for a smoother song-searching experience on YouTube.
",1
242,2023-08-31 12:06:22,"Title: Xi Planning to Skip G-20 Summit WhileChina-India Tensions Mount. Description: 
",-1
243,2023-09-03 11:36:19,"Title: Hulu? Netflix? Prime? Which video streaming service is your best bet right now?. Description: Hulu's ""Welcome to Wrexham"" and Netflix's ""Sex Education"" are the best of the bunch in an unusually slow month.
",0
244,2023-09-05 15:41:14,"Title: Tech Stocks’ Latest Rally Could Have Legs. What History Shows.. Description: More than two-thirds of tech stocks have advanced from their selloff in just 10 days
",1
245,2023-09-06 14:58:06,"Title: NVDA Stock: Nvidia Is Becoming the New Bitcoin. Description: Speculative investors have been pouring money into NVDA stock. Like any other bubble, history tells us this won't end well.
",-1
246,2023-09-07 10:16:50,"Title: Apple Stock Has Been Dropping. Here’s How Far It Could Fall.. Description: The stock has been hit by concerns over a ban on iPhone use by Chinese government officials. Analysts are weighing in on what comes next.
",-1
247,2023-09-08 00:14:09,"Title: Next China: Chips Breakthrough. Description: 
",1
248,2023-09-08 12:37:27,"Title: What's Going On With Apple Stock Friday?. Description: Apple Inc (NASDAQ: AAPL) stock got a boost from Morgan Stanley's re-rating.
",1
249,2023-09-10 11:28:17,"Title: Apple Inc. (NASDAQ:AAPL) Stock Holdings Increased by Fort Sheridan Advisors LLC. Description: Fort Sheridan Advisors LLC grew its holdings in shares of Apple Inc. (NASDAQ:AAPL – Free Report) by 9.9% during the first quarter, according to its most recent Form 13F filing with the Securities and Exchange Commission (SEC). The firm owned 218,351 shares of the iPhone maker’s stock after purchasing an additional 19,685 shares during the […]
",1
250,2023-09-11 12:14:32,"Title: Dow Eyes 3rd-Straight Win As Fed Fatigue Fades. Description: Stocks are on the rise to start the week, with the tech sector extending its rebound.
",1
251,2023-09-12 07:37:07,"Title: Should SPDR MSCI USA StrategicFactors ETF (QUS) Be on Your Investing Radar?. Description: Style Box ETF report for QUS
",0
252,2023-09-12 16:24:37,"Title: Higher Interest Rates Usually Hurt Big Tech. Why They Haven’t Recently.. Description: Tech valuations just haven’t been dented much by higher bond yields. 
",1
253,2023-09-13 07:21:34,"Title: Elon Musk's X sued this non-profit after it exposed hate speech, and its new research shows little has changed. Description: The Center for Countering Digital Hate, which faces a lawsuit from X, released research showing extreme hate speech is running rampant on the former Twitter.
",-1
254,2023-09-13 16:21:50,"Title: Arm prices IPO at $52 per share. Description: Chip designer Arm priced its IPO on Wednesday.
",1
255,2023-09-14 10:08:30,"Title: Time to Buy Apple Stock on This Dip? Why China's Ban on Government iPhone Use Actually Means Very Little. Description: Too many people took this ball and ran with it without ever asking if it mattered much.
",0
256,2023-09-15 07:54:43,"Title: AT&T, T-Mobile and Verizon reveal iPhone 15 deals as preorders kick off. Description: Apple announced its newest iPhones earlier this week, and fans of the device are moving ever closer to getting their hands on one.
",1
257,2023-09-17 09:36:25,"Title: Apella Capital LLC Invests $12.94 Million in Apple Inc. (NASDAQ:AAPL). Description: Apella Capital LLC purchased a new position in Apple Inc. (NASDAQ:AAPL – Free Report) during the second quarter, according to the company in its most recent 13F filing with the Securities and Exchange Commission. The fund purchased 66,722 shares of the iPhone maker’s stock, valued at approximately $12,942,000. Apple accounts for approximately 0.9% of Apella […]
",1
258,2023-09-18 14:10:35,"Title: Jim Cramer sees encouraging signs around demand for Apple's latest iPhone. Description: The Investing Club holds its ""Morning Meeting"" every weekday at 10:20 a.m. ET.
",1
259,2023-09-19 10:48:17,"Title: Microsoft to lift dividend by 10%, though new implied yield still among the lowest for Dow dividend payers. Description: Microsoft Corp. is boosting its quarterly dividend by 10%, the company announced Tuesday. Microsoft’s new quarterly dividend will be 75 cents a share, 7...
",1
260,2023-09-20 11:21:28,"Title: Apple and Goldman Sachs halt plans for iPhone stock trading feature. Description: Apple and Goldman Sachs halt plans for iPhone stock trading feature
",0
261,2023-09-21 13:25:16,"Title: Apple's AirPods Pro with USB-C charging case now available at a discount. Description: Apple (NASDAQ:AAPL)'s latest addition to its audio product line, the new AirPods Pro with USB-C charging case, has been released and is already on sale just over a week after its launch. This new model is being offered at a 20% discount, priced at $200 on Amazon (NASDAQ:AMZN).
",1
262,2023-09-22 15:18:33,"Title: Despite Speculation of Google's Shift, Analyst Sees Strong Ties and Momentum in Broadcom's Decade-Long Partnership. Description: Truist Securities analyst William Stein reiterated Broadcom Inc (NASDAQ: AVGO) with a Buy and a 
",1
263,2023-09-25 06:02:31,"Title: Futures edge lower on persistent worries over higher rates. Description: U.S. stock index futures slipped on Monday on concerns over interest rates staying higher for longer, with investors awaiting economic data as well as remarks from Federal Reserve policymakers throughout the week.
",-1
264,2023-09-26 07:50:19,"Title: Five Things You Need to Know to Start Your Day. Description: 
",0
265,2023-09-27 11:30:42,"Title: Apple Inc (AAPL): A Comprehensive Analysis of Institutional and Insider Ownership. Description: Apple Inc (AAPL), a leading consumer electronics company, is renowned for its diverse product portfolio, including the iPhone, iPad, Mac, Apple Watch, and AirPo
",1
266,2023-09-28 10:35:33,"Title: Micron, Accenture shares dip premarket; Peloton, Gritstone surge. Description: Investing.com -- Stocks in focus in premarket trade on Thursday, September 28th. Please refresh for updates.
",0
267,2023-09-29 11:12:43,"Title: The government shutdown lowdown. Description: Also, feast or famine in the dynamic bond market, Amazon, Google, dividend stocks and a tool to look at how home prices have changed across the U.S.
",0
268,2023-10-02 10:54:37,"Title: Market Clubhouse Morning Memo - October 2nd, 2023 (Trade Strategy For SPY, QQQ, AAPL, MSFT, NVDA, META, And TSLA). Description: Good Morning Traders! In today's Market Clubhouse Morning Memo, we will discuss SPY, QQQ, AAPL, MSFT, NVDA, META, and TSLA.
",1
269,2023-10-04 06:28:08,"Title: Why GOOG Stock Is Poised for an End-of-Year Breakout. Description: September wasn't a great month for GOOG stock, but get ready for a powerful bounce-back as Alphabet continues to advance its AI technology.
",1
270,2023-10-05 01:28:50,"Title: Listen:Bond Yields, CEO Pay, More. Description: 
",0
271,2023-10-06 07:03:59,"Title: Amazon’s HQ2 Is at a Crossroads. Description: 
",0
272,2023-10-09 10:27:36,"Title: Indecision, Indecision... Get Prepared For Another Busy Week With Markets With Mando!. Description: Take a screen shot of wherever you are reading this article, whether it is on Benzinga, Webull or TOS, and tag @Mandotrading and @Benzinga in a tweet with the screenshot for a FREE membership to my daily newsletter, Markets with Mando!  NEW YOUTUBE VIDEOS!  Educational YouTube Channel
",0
273,2023-10-10 22:21:37,"Title: Smartphones with 'self-healing' displays will arrive within five years, analysts predict. Description: Analyst firm CCS Insight said it expects smartphone makers to begin producing phones with ""self-healing"" displays within five years.
",1
274,2023-10-12 07:26:05,"Title: Luca Maestri Sells 31,685 Shares of Apple Inc. (NASDAQ:AAPL) Stock. Description: Apple Inc. (NASDAQ:AAPL – Get Free Report) CFO Luca Maestri sold 31,685 shares of the company’s stock in a transaction on Monday, October 9th. The stock was sold at an average price of $178.69, for a total value of $5,661,792.65. Following the sale, the chief financial officer now owns 107,661 shares of the company’s stock, […]
",-1
275,2023-10-13 16:32:24,"Title: Market Today: Snap's Ambitious Goals, OpenAI's Potential $90B Valuation, and UBS's Economic Forecast. Description: The S&P 500 saw a decline of 0.5% as markets concluded on 10-13-2023. The Dow Jones Industrial Average, however, finished 0.12% higher, while the Nasdaq Composi
",-1
276,2023-10-16 05:36:55,"Title: This hidden iPhone 15 feature will save your battery from dying early — here's where to find it. Description: Instead of optimized charging, you can now limit your device to only 80% charge
",1
277,2023-10-16 17:53:13,"Title: Stock Market Today: Dow ends higher on tech gains as earnings season to heat up. Description: Stock Market Today: Dow ends higher on tech gains as earnings season to heat up
",1
278,2023-10-17 11:13:01,"Title: Secure 4 smart outlets and 4 USB ports with the meross HomeKit power strip down at $33. Description: The official meross Amazon storefront is now offering its HomeKit Smart Power Strip for $32.99 shipped after you clip the on-page coupon. This model has fetched $41 for almost all of this year and sometimes even more. Today’s deal is matching the lowest we have tracked on Amazon across 2023 and comes in at the…
",1
279,2023-10-18 08:05:48,"Title: LG's latest evo C3 smart OLED TVs up to $1,700 off with as much as $400 in Visa gift cards. Description: BuyDig is upping the ante once again on price drops for the 2023 model LG OLED evo C3 4K Smart OLED TVs. All sizes are now seeing deep price drops with bonus Visa gift cards attached. First up, you’ll find the 65-inch LG OLED evo C3 HDR 4K Smart OLED TV on sale for $1,596.99…
",1
280,2023-10-19 05:06:37,"Title: A Fertility Startup Is Having Some Growing Pains: Big Take Podcast. Description: 
",0
281,2023-10-19 15:49:26,"Title: Apple looks to sell more podcast ads: report (AAPL). Description: Apple (AAPL) is considering selling ads on the podcasts it produces. Read for more.
",1
282,2023-10-20 15:48:14,"Title: Top Stock Reports for Apple, Amgen & Becton, Dickinson. Description: Today's Research Daily features new research reports on 12 major stocks, including Apple Inc. (AAPL), Amgen Inc. (AMGN) and Becton, Dickinson and Company (BDX).
",1
283,2023-10-23 05:54:51,"Title: Samsung Galaxy Z Fold 6 may not get this key upgrade. Description: The cameras on the Z Fold 6 could be all too familiar
",0
284,2023-10-23 16:38:34,"Title: Why NVIDIA Stock Gained Today. Description: NVIDIA Corporation (NASDAQ: NVDA) shares traded higher following a report suggesting the company will make Arm-based PC chips, which could challenge 
",1
285,2023-10-24 12:19:21,"Title: Black Friday is one month away - here are the 55 best deals to shop right now. Description: Early Black Friday deals on TVs, AirPods, vacuums, toys and more
",1
286,2023-10-25 08:36:13,"Title: Around the Houses: Starmer and Sunak Avoid Israel at PMQs. Description: 
",0
287,2023-10-25 23:19:04,"Title: Apple is raising the price of its Apple TV+ streaming service by over 40%. Description: Apple is increasing the price of its TV streaming plan to $9.99, joining other streaming brands like Netflix and Disney that have upped prices this year.
",-1
288,2023-10-26 14:52:34,"Title: Wireless earbuds could soon get true lossless audio over Wi-Fi — beating Apple’s AirPods Pro 2 to the punch. Description: Wireless earbuds could soon support true lossless audio over Wi-Fi thanks to Qualcomm
",1
289,2023-10-27 08:39:11,"Title: Bose ANC Headphones 700 hit one of the best prices yet at $259 shipped ($120 off). Description: Amazon is now offering a notable price drop on the Bose Noise Cancelling Headphones 700 for $259 shipped in the white/Luxe Silver and Black colorways. Regularly $379, this is a deep $120 price drop and the lowest price we can find. Today’s deal undercuts the fall Prime Day price by $20 and is even $10…
",1
290,2023-10-27 22:17:24,"Title: After Lower Sales Of Quest 2 Led To Loss At Reality Labs, Meta Reportedly Cuts Quest 3 Shipment Forecast By 5-10%. Description: Meta's Reality Labs has reportedly cut Quest 3 shipment forecast by 5-10% after a $3.7 billion operating loss linked to lower Quest 2 sales.
",-1
291,2023-10-30 05:01:27,"Title: Los ingresos por publicidad en riesgo: preprese para la Ley de Mercados Digitales (DMA) con Usercentrics. Description: Usercentrics, líder global de soluciones de gestión de consentimientos, ha descubierto unas tasas de cumplimiento del RGPD increíblemente bajas en var
",0
292,2023-10-30 13:52:36,"Title: BMW and Apple are still trying to fix this puzzling iPhone 15 wireless charging issue. Description: Apple confirms upcoming software update should fix the issue
",1
293,2023-10-31 05:02:32,"Title: From Poland To India, Food Security Is A Key Election Issue: Big Take Podcast. Description: 
",0
294,2023-10-31 14:36:25,"Title: Eugenio Derbez & 'Acapulco' Producers Send Donation & Messages Of Support Following Hurricane Otis Devastation In Mexico. Description: EXCLUSIVE: Eugenio Derbez and the producers of the Apple TV+ series Acapulco, produced by Lionsgate TV and 3Pas Studios, are sending messages of support and a donation for humanitarian assistance t…
",1
295,2023-11-01 09:17:48,"Title: Jim Cramer's top 10 things to watch in the stock market Wednesday. Description: Fed day. No interest rate hike expected. Treasury accelerates size of bond auctions
",0
296,2023-11-01 21:04:15,"Title: Will the S&P 500 rally by year-end? Morgan Stanley's Slimmon weighs in — and names a Big Tech stock. Description: If the market does rally into the year-end, it will be led by the ""Magnificent Seven"" stocks, said Andrew Slimmon, who named his preferred play.
",1
297,2023-11-02 10:27:13,"Title: The Apple Watch 10 could get two big health-tracking upgrades. Description: Including interesting news for sleep apnea sufferers
",1
298,2023-11-02 18:58:26,"Title: Asia Stocks to Rise, Apple Sales Hit US Futures: Markets Wrap. Description: 
",1
299,2023-11-03 07:50:21,"Title: Pre-order Apple's new Space Black or silver M3 MacBook Pro and iMac models at $200 off today, deals from $1,199. Description: Adorama is now offering $200 in savings on pre-orders of Apple’s brand new M3 MacBook Pro. You’ll need to quickly make a FREE Adorama VIP account to see/redeem the discounted price – some users are also suggesting you’ll need to sign up for the rewards program on this landing page, but we can see the…
",1
300,2023-11-04 00:33:46,"Title: 5 best movies to stream this weekend on Netflix, Max, Apple TV Plus and more. Description: Spider-Man: Across the Spider-Verse, My Big Fat Greek Wedding 3, Insidious: The Red Door and more movie night hits
",0
301,2023-11-06 05:03:34,"Title: The Company That Made Your Phone Wants to Make Your EV, Too: Big Take Podcast. Description: 
",1
302,2023-11-06 15:48:40,"Title: The Best iPhone 12, 12 mini, 12 Pro Max & 12 Pro Black Friday Deals 2023: Best Early Unlocked, Prepaid & Carrier Apple iPhone 12 Savings Reported by Save Bubble. Description: Round-up of the best early iPhone 12 deals for Black Friday 2023
",1
303,2023-11-07 11:59:14,"Title: Microsoft Stock Hits New All-Time High. Why Its Next Move Might Be Lower.. Description: Microsoft stock has been on fire. A technical measures suggest a pullback could be imminent.
",-1
304,2023-11-08 05:02:39,"Title: I used the double tap feature on Apple Watch 9 during my rowing workout — and it was a huge help. Description: Double tap isn't just more convenient. It's safer, too.
",1
305,2023-11-08 14:33:36,"Title: Bank of America says there are two things that will drive the next bull run in stocks. Description: An undervalued artificial intelligence play and a resilient consumer could underpin the next uptick in stocks, the firm posits.
",1
306,2023-11-09 10:27:23,"Title: AAPL Stock: Should You Buy the Apple Dip?. Description: Many world-class investors continue to hold onto their shares of Apple and AAPL stock, and there are plenty of good reasons for this.
",1
307,2023-11-10 06:02:29,"Title: Zacks Market Edge Highlights: AAPL, SONY and IBM. Description: AAPL, SONY and IBM have been highlighted in this Market Edge article.
",1
308,2023-11-11 05:22:39,"Title: Jackson Square Capital LLC Acquires 19,337 Shares of Apple Inc. (NASDAQ:AAPL). Description: Jackson Square Capital LLC boosted its holdings in Apple Inc. (NASDAQ:AAPL – Free Report) by 24.7% during the 2nd quarter, Holdings Channel reports. The fund owned 97,468 shares of the iPhone maker’s stock after acquiring an additional 19,337 shares during the quarter. Apple comprises 7.6% of Jackson Square Capital LLC’s portfolio, making the stock its […]
",1
309,2023-11-13 05:58:22,"Title: All iPads to be refreshed in 2024 — here’s when you’ll get the iPad, Air, Pro and mini tablets. Description: Analyst forecasts when all four models will appear
",1
310,2023-11-13 21:17:26,"Title: For Google Play, Dominating the Android World Was ‘Existential’. Description: 
",0
311,2023-11-14 12:06:53,"Title: My pick for the best value 77-inch OLED TV just crashed to a record low for Black Friday. Description: This LG B3 Series 4K OLED smart TV has 22% off right now
",1
312,2023-11-14 19:04:31,"Title: Joel Greenblatt Bolsters Position in S&P 500 ETF TRUST ETF with a 1.45% Portfolio Impact. Description: Insights from the Renowned Value Investor's Latest 13F Filings
",1
313,2023-11-15 09:16:40,"Title: Envy™ Apples Teams up with Hallmark Actor Andrew Walker to Celebrate Must-Have Ingredient for Entertaining This Holiday Season. Description: Envy™ Apples Teams up with Hallmark Actor Andrew Walker to Celebrate Must-Have Ingredient for Entertaining This Holiday Season
",1
314,2023-11-16 03:05:24,"Title: J Arnold Wealth Management Co Bolsters Portfolio with First Trust Consumer Staples AlphaDEX .... Description: Search for Stocks, ETFs, Indices, Insiders, Investing Gurus and Futures on Gurufocus.com.
",1
315,2023-11-16 13:31:21,"Title: Hold on tight – not tightly – to this lesson in words. Description: Stephen King famously wrote that “the road to hell is paved with adverbs”.
",0
316,2023-11-17 08:40:14,"Title: Autumn Anticipation: Will the Chancellor Find a Rabbit In His Fiscal Hat?. Description: 
",0
317,2023-11-18 05:10:28,"Title: Elon Musk Threatens Media Matters With 'Thermonuclear Lawsuit' For 'Fraudulent Attack' On X. Description: Elon Musk has threatened Media Matters with a ""thermonuclear lawsuit"" the moment courts open on Monday for causing an advertiser exodus.
",-1
318,2023-11-20 01:35:23,"Title: Listen:OpenAI New CEO, Hostage Talks, More. Description: 
",0
319,2023-11-20 13:30:26,"Title: Paul Harris's Top Picks: TD Bank, Stryker, Enbridge. Description: Top picks from Paul Harris, portfolio manager, Harris Douglas Asset Management
",1
320,2023-11-21 08:33:25,"Title: Apple Won't Restrict Periscope Lens To Just The Top-Tier iPhone 16 Pro Max Thanks To A New Breakthrough. Description: Analyst Ming-chi Kuo has predicted that Apple will no longer limit the periscope lens to just the top-tier iPhone 16 Pro Max model.
",1
321,2023-11-22 02:05:30,"Title: 5 of the best Mac accessories to turn your new MacBook Pro into a desktop powerhouse this Black Friday. Description: The MacBook Pro is great even if it never leaves your desk.
",1
322,2023-11-22 16:15:15,"Title: US Labor Board Files a Complaint Against Mozilla for Refusing to Hire Apple Activist. Description: 
",0
323,2023-11-23 14:17:29,"Title: Santa Kicks Off a Very Merry Holiday Season for East Hollywood at the Church of Scientology Los Angeles. Description: Santa Kicks Off a Very Merry Holiday Season for East Hollywood at the Church of Scientology Los Angeles
",0
324,2023-11-24 11:49:10,"Title: What the latest headlines about Apple, Amazon and Nvidia mean for their stocks. Description: Each of these three mega-caps was the focus of new reports at the end of this holiday shortened trading week.
",0
325,2023-11-25 12:02:41,"Title: MacBook Air Cyber Monday deals — 5 must-buy savings we recommend. Description: Save big on every MacBook Air
",1
326,2023-11-27 06:31:31,"Title: Five Things You Need to Know to Start Your Day. Description: 
",0
327,2023-11-27 17:50:49,"Title: If this robot vacuum gets any cheaper, Amazon will practically be giving it away. Description: Cheaper than some regular vacuums
",1
328,2023-11-28 18:30:32,"Title: Apple to end credit-card partnership with Goldman Sachs - WSJ. Description: Apple is pulling the plug on its credit-card partnership with Goldman Sachs Group , the Wall Street Journal reported on Tuesday.
",-1
329,2023-11-29 14:45:33,"Title: Arm gets minimal income from Apple despite massive usage: report (NASDAQ:ARM). Description: Arm Holdings (ARM) has struggled to get Apple to pay more for its intellectual property, leaving possibly billions of dollars on the table. Read for more.
",-1
330,2023-11-30 10:50:15,"Title: Getting Closer: The Bloomberg Close, Europe Edition. Description: 
",0
331,2023-12-01 11:02:32,"Title: Get A $200 Pair Of Sennheiser Noise-Canceling Headphones For $70. Description: They're wireless, stylish, and pack an audiophile punch.
",0
